{
  "achievement": "all_4_enhancements_integrated",
  "enhanced_intelligence_score": 0.8253694791926804,
  "baseline_comparison": 0.52,
  "improvement_gained": 0.3053694791926804,
  "improvement_percentage": 58.72489984474624,
  "grade": "A+ (Excellent)",
  "intelligence_level": "High Vertebrate Intelligence",
  "processing_time": 0.4936649799346924,
  "detailed_results": {
    "overall_enhanced_score": 0.8253694791926804,
    "baseline_score": 0.52,
    "improvement": 0.3053694791926804,
    "improvement_percentage": 58.72489984474624,
    "individual_scores": {
      "pattern_recognition": 0.6709379926894762,
      "pattern_recognition_raw": 0.7386961760353115,
      "pattern_recognition_scaling": 0.6173958300896956,
      "feature_detector_boost": 0.2127784316557746,
      "num_feature_detectors": 200,
      "multi_region_coordination": 0.42459409170089496,
      "advanced_memory": 1.0,
      "hierarchical_processing": 1.0,
      "reasoning": 0.9499999999999998,
      "meta_cognition": 0.7243244767336957,
      "adaptive_learning": 0.8699999999999999,
      "pattern_generalization": 0.9725433950786357,
      "creative_generation": 0.75,
      "innovation_detection": 0.8365813557779228,
      "consciousness": 0.834361751361276,
      "temporal_continuity": 0.845,
      "attention_focus": 0.6528383363479476
    },
    "enhancement_details": {
      "pattern_recognition_capability": 0.6709379926894762,
      "multi_region_coordination_efficiency": 0.42459409170089496,
      "memory_system_performance": 1.0,
      "hierarchical_processing_depth": 1.0,
      "reasoning_capability": 0.9499999999999998,
      "meta_cognition_capability": 0.7243244767336957,
      "adaptive_learning_capability": 0.8699999999999999,
      "pattern_generalization_capability": 0.9725433950786357,
      "creative_generation_capability": 0.75,
      "innovation_detection_capability": 0.8365813557779228,
      "consciousness_capability": 0.834361751361276,
      "temporal_continuity_capability": 0.845,
      "attention_focus_capability": 0.6528383363479476
    },
    "system_status": {
      "total_neurons": 1000,
      "brain_regions": 6,
      "memory_items": 8,
      "processing_layers": 6,
      "pattern_memory_size": 20
    }
  },
  "enhancements_completed": {
    "1_pattern_recognition": "\u2705 A+ Performance",
    "2_multi_region_architecture": "\u2705 Fully Integrated",
    "3_advanced_memory_system": "\u2705 Operational",
    "4_hierarchical_processing": "\u2705 Active"
  },
  "next_milestone": "Advanced cognitive capabilities and real-world applications",
  "timestamp": "2025-12-14 22:13:20"
}