{
  "achievement": "all_4_enhancements_integrated",
  "enhanced_intelligence_score": 0.8103400354777147,
  "baseline_comparison": 0.52,
  "improvement_gained": 0.2903400354777147,
  "improvement_percentage": 55.83462220725283,
  "grade": "A+ (Excellent)",
  "intelligence_level": "High Vertebrate Intelligence",
  "processing_time": 0.14269328117370605,
  "detailed_results": {
    "overall_enhanced_score": 0.8103400354777147,
    "baseline_score": 0.52,
    "improvement": 0.2903400354777147,
    "improvement_percentage": 55.83462220725283,
    "individual_scores": {
      "pattern_recognition": 0.9368866493017413,
      "pattern_recognition_raw": 1.0193254932300189,
      "pattern_recognition_scaling": 0.8596857531572226,
      "feature_detector_boost": 0.4934077513217926,
      "num_feature_detectors": 300,
      "multi_region_coordination": 0.08000000000000002,
      "advanced_memory": 1.0,
      "hierarchical_processing": 1.0,
      "reasoning": 0.9499999999999998,
      "meta_cognition": 0.7353753654367633,
      "adaptive_learning": 0.8699999999999999,
      "pattern_generalization": 0.9725433946587145,
      "creative_generation": 0.75,
      "innovation_detection": 0.8424685868564548,
      "consciousness": 0.7937056254209804,
      "temporal_continuity": 0.8,
      "attention_focus": 0.6620765192268164
    },
    "enhancement_details": {
      "pattern_recognition_capability": 0.9368866493017413,
      "multi_region_coordination_efficiency": 0.08000000000000002,
      "memory_system_performance": 1.0,
      "hierarchical_processing_depth": 1.0,
      "reasoning_capability": 0.9499999999999998,
      "meta_cognition_capability": 0.7353753654367633,
      "adaptive_learning_capability": 0.8699999999999999,
      "pattern_generalization_capability": 0.9725433946587145,
      "creative_generation_capability": 0.75,
      "innovation_detection_capability": 0.8424685868564548,
      "consciousness_capability": 0.7937056254209804,
      "temporal_continuity_capability": 0.8,
      "attention_focus_capability": 0.6620765192268164
    },
    "system_status": {
      "total_neurons": 10000000,
      "brain_regions": 6,
      "memory_items": 5,
      "processing_layers": 6,
      "pattern_memory_size": 17
    }
  },
  "enhancements_completed": {
    "1_pattern_recognition": "\u2705 A+ Performance",
    "2_multi_region_architecture": "\u2705 Fully Integrated",
    "3_advanced_memory_system": "\u2705 Operational",
    "4_hierarchical_processing": "\u2705 Active"
  },
  "next_milestone": "Advanced cognitive capabilities and real-world applications",
  "timestamp": "2025-12-14 06:38:01"
}