{
  "timestamp": "20251214_070749",
  "neuron_count": 10000000,
  "use_llm": false,
  "enable_learning": true,
  "results": {
    "MMLU": {
      "accuracy": 0.7,
      "total_questions": 10,
      "correct_answers": 7,
      "average_confidence": 0.651333430741541,
      "average_response_time": 0.01120164394378662
    },
    "HellaSwag": {
      "accuracy": 0.8,
      "total_questions": 10,
      "correct_answers": 8,
      "average_confidence": 0.5999431440504267,
      "average_response_time": 0.01147146224975586
    },
    "GSM8K": {
      "accuracy": 0.0,
      "total_questions": 10,
      "correct_answers": 0,
      "average_confidence": 0.5804938548211008,
      "average_response_time": 0.01056501865386963
    },
    "ARC": {
      "accuracy": 0.6,
      "total_questions": 10,
      "correct_answers": 6,
      "average_confidence": 0.6426648429526016,
      "average_response_time": 0.022385048866271972
    },
    "HumanEval": {
      "accuracy": 0.0,
      "total_questions": 1,
      "correct_answers": 0,
      "average_confidence": 0.5319083962142468,
      "average_response_time": 0.042793989181518555
    }
  },
  "overall_accuracy": 0.5121951219512195
}