{
  "timestamp": "20251214_062355",
  "neuron_count": 10000,
  "use_llm": false,
  "enable_learning": true,
  "results": {
    "MMLU": {
      "accuracy": 0.0,
      "total_questions": 10,
      "correct_answers": 0,
      "average_confidence": 0.47561802249614804,
      "average_response_time": 0.012141203880310059
    },
    "GSM8K": {
      "accuracy": 0.0,
      "total_questions": 10,
      "correct_answers": 0,
      "average_confidence": 0.4399140319922461,
      "average_response_time": 0.011853432655334473
    },
    "ARC": {
      "accuracy": 0.0,
      "total_questions": 10,
      "correct_answers": 0,
      "average_confidence": 0.4759518327786198,
      "average_response_time": 0.011826229095458985
    },
    "HumanEval": {
      "accuracy": 0.0,
      "total_questions": 1,
      "correct_answers": 0,
      "average_confidence": 0.41318858211302206,
      "average_response_time": 0.011383056640625
    }
  },
  "overall_accuracy": 0.0
}