{
  "timestamp": "20251214_072145",
  "neuron_count": 100000000,
  "use_llm": false,
  "enable_learning": true,
  "results": {
    "MMLU": {
      "accuracy": 0.7,
      "total_questions": 10,
      "correct_answers": 7,
      "average_confidence": 0.29999999999999993,
      "average_response_time": 0.0334503173828125
    },
    "HellaSwag": {
      "accuracy": 1.0,
      "total_questions": 10,
      "correct_answers": 10,
      "average_confidence": 0.29999999999999993,
      "average_response_time": 0.02557835578918457
    },
    "GSM8K": {
      "accuracy": 0.0,
      "total_questions": 10,
      "correct_answers": 0,
      "average_confidence": 0.20454064127989113,
      "average_response_time": 0.030425524711608885
    },
    "ARC": {
      "accuracy": 0.6,
      "total_questions": 10,
      "correct_answers": 6,
      "average_confidence": 0.29999999999999993,
      "average_response_time": 0.06316311359405517
    },
    "HumanEval": {
      "accuracy": 0.0,
      "total_questions": 1,
      "correct_answers": 0,
      "average_confidence": 0.995982757769525,
      "average_response_time": 0.03991508483886719
    }
  },
  "overall_accuracy": 0.5609756097560976
}