{
  "timestamp": "20251214_065618",
  "neuron_count": 1000000,
  "use_llm": false,
  "enable_learning": true,
  "results": {
    "MMLU": {
      "accuracy": 0.7,
      "total_questions": 10,
      "correct_answers": 7,
      "average_confidence": 0.5365519580409683,
      "average_response_time": 0.01084740161895752
    },
    "HellaSwag": {
      "accuracy": 1.0,
      "total_questions": 10,
      "correct_answers": 10,
      "average_confidence": 0.5022782014586057,
      "average_response_time": 0.011318469047546386
    },
    "GSM8K": {
      "accuracy": 0.0,
      "total_questions": 10,
      "correct_answers": 0,
      "average_confidence": 0.47379225888798004,
      "average_response_time": 0.01036210060119629
    },
    "ARC": {
      "accuracy": 0.5,
      "total_questions": 10,
      "correct_answers": 5,
      "average_confidence": 0.5210132824365532,
      "average_response_time": 0.010753965377807618
    },
    "HumanEval": {
      "accuracy": 0.0,
      "total_questions": 1,
      "correct_answers": 0,
      "average_confidence": 0.4517384301862698,
      "average_response_time": 0.00960683822631836
    }
  },
  "overall_accuracy": 0.5365853658536586
}