{
  "timestamp": "20251214_062436",
  "neuron_count": 10000,
  "use_llm": false,
  "enable_learning": true,
  "results": {
    "MMLU": {
      "accuracy": 0.0,
      "total_questions": 20,
      "correct_answers": 0,
      "average_confidence": 0.46289750695411236,
      "average_response_time": 0.011825013160705566
    },
    "GSM8K": {
      "accuracy": 0.0,
      "total_questions": 20,
      "correct_answers": 0,
      "average_confidence": 0.438280516958134,
      "average_response_time": 0.011521506309509277
    },
    "ARC": {
      "accuracy": 0.0,
      "total_questions": 20,
      "correct_answers": 0,
      "average_confidence": 0.4801602142257776,
      "average_response_time": 0.011695051193237304
    },
    "HumanEval": {
      "accuracy": 0.0,
      "total_questions": 1,
      "correct_answers": 0,
      "average_confidence": 0.4165165896565134,
      "average_response_time": 0.011570930480957031
    }
  },
  "overall_accuracy": 0.0
}