{
  "timestamp": "20251214_064455",
  "neuron_count": 10000,
  "use_llm": false,
  "enable_learning": true,
  "results": {
    "MMLU": {
      "accuracy": 0.0,
      "total_questions": 10,
      "correct_answers": 0,
      "average_confidence": 0.48494402949380566,
      "average_response_time": 0.010686135292053223
    },
    "HellaSwag": {
      "accuracy": 0.0,
      "total_questions": 10,
      "correct_answers": 0,
      "average_confidence": 0.4598731802688983,
      "average_response_time": 0.011115121841430663
    },
    "GSM8K": {
      "accuracy": 0.0,
      "total_questions": 10,
      "correct_answers": 0,
      "average_confidence": 0.43590527216079666,
      "average_response_time": 0.011336350440979004
    },
    "ARC": {
      "accuracy": 0.0,
      "total_questions": 10,
      "correct_answers": 0,
      "average_confidence": 0.4810359272335786,
      "average_response_time": 0.009977078437805176
    },
    "HumanEval": {
      "accuracy": 0.0,
      "total_questions": 1,
      "correct_answers": 0,
      "average_confidence": 0.4161234225617895,
      "average_response_time": 0.017318248748779297
    }
  },
  "overall_accuracy": 0.0
}