{
  "timestamp": "20251214_065003",
  "neuron_count": 100000000,
  "use_llm": false,
  "enable_learning": true,
  "results": {
    "MMLU": {
      "accuracy": 0.0,
      "total_questions": 10,
      "correct_answers": 0,
      "average_confidence": 0.7618115294795482,
      "average_response_time": 0.012604999542236327
    },
    "HellaSwag": {
      "accuracy": 0.1,
      "total_questions": 10,
      "correct_answers": 1,
      "average_confidence": 0.6744657628204674,
      "average_response_time": 0.012233829498291016
    },
    "GSM8K": {
      "accuracy": 0.0,
      "total_questions": 10,
      "correct_answers": 0,
      "average_confidence": 0.6204587146659382,
      "average_response_time": 0.019428372383117676
    },
    "ARC": {
      "accuracy": 0.0,
      "total_questions": 10,
      "correct_answers": 0,
      "average_confidence": 0.6817487422043458,
      "average_response_time": 0.011335968971252441
    },
    "HumanEval": {
      "accuracy": 0.0,
      "total_questions": 1,
      "correct_answers": 0,
      "average_confidence": 0.5853083524405956,
      "average_response_time": 0.01232004165649414
    }
  },
  "overall_accuracy": 0.024390243902439025
}