{
  "timestamp": "20251214_071520",
  "neuron_count": 100000000,
  "use_llm": false,
  "enable_learning": true,
  "results": {
    "MMLU": {
      "accuracy": 0.8,
      "total_questions": 10,
      "correct_answers": 8,
      "average_confidence": 0.7520432625668125,
      "average_response_time": 0.012817955017089844
    },
    "HellaSwag": {
      "accuracy": 1.0,
      "total_questions": 10,
      "correct_answers": 10,
      "average_confidence": 0.6591850955881179,
      "average_response_time": 0.014702320098876953
    },
    "GSM8K": {
      "accuracy": 0.0,
      "total_questions": 10,
      "correct_answers": 0,
      "average_confidence": 0.6053389749483206,
      "average_response_time": 0.011991381645202637
    },
    "ARC": {
      "accuracy": 0.7,
      "total_questions": 10,
      "correct_answers": 7,
      "average_confidence": 0.6737826813915746,
      "average_response_time": 0.03606874942779541
    },
    "HumanEval": {
      "accuracy": 0.0,
      "total_questions": 1,
      "correct_answers": 0,
      "average_confidence": 0.5850242337882519,
      "average_response_time": 0.039804935455322266
    }
  },
  "overall_accuracy": 0.6097560975609756
}