{
  "timestamp": "20251214_070637",
  "neuron_count": 1000000,
  "use_llm": false,
  "enable_learning": true,
  "results": {
    "MMLU": {
      "accuracy": 0.7,
      "total_questions": 10,
      "correct_answers": 7,
      "average_confidence": 0.5706811611373143,
      "average_response_time": 0.010921883583068847
    },
    "HellaSwag": {
      "accuracy": 1.0,
      "total_questions": 10,
      "correct_answers": 10,
      "average_confidence": 0.509880266798633,
      "average_response_time": 0.011179542541503907
    },
    "GSM8K": {
      "accuracy": 0.1,
      "total_questions": 10,
      "correct_answers": 1,
      "average_confidence": 0.4932868839693018,
      "average_response_time": 0.0146284818649292
    },
    "ARC": {
      "accuracy": 0.7,
      "total_questions": 10,
      "correct_answers": 7,
      "average_confidence": 0.5331523940886396,
      "average_response_time": 0.013118433952331542
    },
    "HumanEval": {
      "accuracy": 0.0,
      "total_questions": 1,
      "correct_answers": 0,
      "average_confidence": 0.45958771330121007,
      "average_response_time": 0.017219066619873047
    }
  },
  "overall_accuracy": 0.6097560975609756
}